amazon-order-id,purchase-date,order-status,sku,asin,product-name,quantity,item-price,currency
113-3530829-7624039,2026-09-02T20:03:04+00:00,Shipped,AER-BLK-2PK,B0C1BLK010,"AERai Yoga Block 2-Pack",3,52.47,USD
113-1973060-9513358,2026-09-02T06:02:05+00:00,Shipped,AER-MAT-BLU,B0C1MAT002,"AERai Yoga Mat - Blue",1,29.99,USD
113-8122250-1991709,2026-09-02T18:07:14+00:00,Shipped,AER-TOWEL,B0C1TWL030,"AERai Grip Towel",3,63.00,USD
113-7655194-1831970,2026-09-02T07:02:35+00:00,Pending,AER-STRAP,B0C1STR020,"AERai Stretch Strap",3,29.97,USD
113-7655194-1831970,2026-09-02T07:02:35+00:00,Pending,AER-MAT-BLU,B0C1MAT002,"AERai Yoga Mat - Blue",1,29.99,USD
113-6175466-4032085,2026-09-03T03:37:36+00:00,Shipped,AER-MAT-BLK,B0C1MAT001,"AERai Yoga Mat - Black",3,89.97,USD
113-6175466-4032085,2026-09-03T03:37:36+00:00,Shipped,AER-TOWEL,B0C1TWL030,"AERai Grip Towel",1,21.00,USD
113-4455413-9328453,2026-09-03T21:34:27+00:00,Shipped,AER-TOWEL,B0C1TWL030,"AERai Grip Towel",2,42.00,USD
113-4455413-9328453,2026-09-03T21:34:27+00:00,Shipped,AER-STRAP,B0C1STR020,"AERai Stretch Strap",2,19.98,USD
113-5167906-4015985,2026-09-03T22:49:15+00:00,Shipped,AER-TOWEL,B0C1TWL030,"AERai Grip Towel",2,42.00,USD
113-5167906-4015985,2026-09-03T22:49:15+00:00,Shipped,AER-STRAP,B0C1STR020,"AERai Stretch Strap",3,29.97,USD
113-8530188-5830794,2026-09-03T19:04:07+00:00,Shipped,AER-BLK-2PK,B0C1BLK010,"AERai Yoga Block 2-Pack",1,17.49,USD
113-9203439-8074924,2026-09-03T01:42:04+00:00,Shipped,AER-BLK-2PK,B0C1BLK010,"AERai Yoga Block 2-Pack",3,52.47,USD
113-9203439-8074924,2026-09-03T01:42:04+00:00,Shipped,AER-TOWEL,B0C1TWL030,"AERai Grip Towel",2,42.00,USD
113-8653855-2153650,2026-09-03T02:17:30+00:00,Shipped,AER-MAT-BLK,B0C1MAT001,"AERai Yoga Mat - Black",3,89.97,USD
113-8476611-5774720,2026-09-04T22:24:56+00:00,Shipped,AER-STRAP,B0C1STR020,"AERai Stretch Strap",2,19.98,USD
113-3819383-2964541,2026-09-04T15:03:13+00:00,Shipped,AER-MAT-BLU,B0C1MAT002,"AERai Yoga Mat - Blue",2,59.98,USD
113-7559047-9330000,2026-09-04T02:10:28+00:00,Shipped,AER-MAT-BLU,B0C1MAT002,"AERai Yoga Mat - Blue",3,89.97,USD
113-7559047-9330000,2026-09-04T02:10:28+00:00,Shipped,AER-STRAP,B0C1STR020,"AERai Stretch Strap",2,19.98,USD
113-7967519-7019181,2026-09-04T21:56:24+00:00,Cancelled,AER-MAT-BLK,B0C1MAT001,"AERai Yoga Mat - Black",1,29.99,USD
113-4891590-4914729,2026-09-05T00:31:53+00:00,Shipped,AER-BLK-2PK,B0C1BLK010,"AERai Yoga Block 2-Pack",1,17.49,USD
113-4891590-4914729,2026-09-05T00:31:53+00:00,Shipped,AER-MAT-BLK,B0C1MAT001,"AERai Yoga Mat - Black",2,59.98,USD
113-9968948-7195046,2026-09-05T19:36:20+00:00,Cancelled,AER-STRAP,B0C1STR020,"AERai Stretch Strap",3,29.97,USD
113-7583025-7678500,2026-09-05T12:25:06+00:00,Shipped,AER-MAT-BLK,B0C1MAT001,"AERai Yoga Mat - Black",1,29.99,USD
113-7583025-7678500,2026-09-05T12:25:06+00:00,Shipped,AER-MAT-BLU,B0C1MAT002,"AERai Yoga Mat - Blue",1,29.99,USD
113-3722995-2844290,2026-09-06T10:38:03+00:00,Shipped,AER-TOWEL,B0C1TWL030,"AERai Grip Towel",1,21.00,USD
113-7100362-1427833,2026-09-06T02:55:13+00:00,Shipped,AER-BLK-2PK,B0C1BLK010,"AERai Yoga Block 2-Pack",2,34.98,USD
113-7109648-8954941,2026-09-06T03:07:54+00:00,Shipped,AER-STRAP,B0C1STR020,"AERai Stretch Strap",2,19.98,USD
113-7109648-8954941,2026-09-06T03:07:54+00:00,Shipped,AER-TOWEL,B0C1TWL030,"AERai Grip Towel",1,21.00,USD
113-3417890-2714423,2026-09-06T23:21:47+00:00,Shipped,AER-TOWEL,B0C1TWL030,"AERai Grip Towel",1,21.00,USD
113-4442936-9862688,2026-09-06T11:09:44+00:00,Shipped,AER-TOWEL,B0C1TWL030,"AERai Grip Towel",2,42.00,USD
113-5380786-9697256,2026-09-07T11:58:10+00:00,Shipped,AER-TOWEL,B0C1TWL030,"AERai Grip Towel",3,63.00,USD
113-9433856-6530860,2026-09-07T20:14:39+00:00,Shipped,AER-MAT-BLU,B0C1MAT002,"AERai Yoga Mat - Blue",2,59.98,USD
113-4354067-9684536,2026-09-08T15:22:46+00:00,Shipped,AER-BLK-2PK,B0C1BLK010,"AERai Yoga Block 2-Pack",2,34.98,USD
113-5348224-4248823,2026-09-08T22:38:22+00:00,Shipped,AER-BLK-2PK,B0C1BLK010,"AERai Yoga Block 2-Pack",1,17.49,USD
113-5348224-4248823,2026-09-08T22:38:22+00:00,Shipped,AER-MAT-BLK,B0C1MAT001,"AERai Yoga Mat - Black",1,29.99,USD
113-4805841-8886633,2026-09-08T06:21:13+00:00,Shipped,AER-STRAP,B0C1STR020,"AERai Stretch Strap",3,29.97,USD
113-2422346-3011649,2026-09-09T12:50:45+00:00,Shipped,AER-MAT-BLU,B0C1MAT002,"AERai Yoga Mat - Blue",3,89.97,USD
113-2422346-3011649,2026-09-09T12:50:45+00:00,Shipped,AER-STRAP,B0C1STR020,"AERai Stretch Strap",2,19.98,USD
113-2455421-7641067,2026-09-09T14:25:47+00:00,Pending,AER-MAT-BLU,B0C1MAT002,"AERai Yoga Mat - Blue",1,29.99,USD
113-1462193-3535887,2026-09-09T18:57:29+00:00,Shipped,AER-TOWEL,B0C1TWL030,"AERai Grip Towel",3,63.00,USD
113-8958388-6878862,2026-09-09T04:35:35+00:00,Shipped,AER-MAT-BLK,B0C1MAT001,"AERai Yoga Mat - Black",3,89.97,USD
113-8278114-4268292,2026-09-10T06:01:16+00:00,Shipped,AER-TOWEL,B0C1TWL030,"AERai Grip Towel",2,42.00,USD
113-5351419-8029864,2026-09-10T04:03:58+00:00,Shipped,AER-TOWEL,B0C1TWL030,"AERai Grip Towel",3,63.00,USD
113-5351419-8029864,2026-09-10T04:03:58+00:00,Shipped,AER-STRAP,B0C1STR020,"AERai Stretch Strap",1,9.99,USD
113-9922542-3547391,2026-09-10T16:32:01+00:00,Pending,AER-TOWEL,B0C1TWL030,"AERai Grip Towel",1,21.00,USD
113-3891498-3374965,2026-09-11T15:39:46+00:00,Shipped,AER-BLK-2PK,B0C1BLK010,"AERai Yoga Block 2-Pack",3,52.47,USD
113-9696448-9904110,2026-09-11T17:30:50+00:00,Shipped,AER-MAT-BLU,B0C1MAT002,"AERai Yoga Mat - Blue",1,29.99,USD
113-5645897-1707979,2026-09-11T03:32:28+00:00,Shipped,AER-STRAP,B0C1STR020,"AERai Stretch Strap",2,19.98,USD
113-9481774-9592643,2026-09-12T06:44:17+00:00,Shipped,AER-TOWEL,B0C1TWL030,"AERai Grip Towel",3,63.00,USD
113-9481774-9592643,2026-09-12T06:44:17+00:00,Shipped,AER-MAT-BLU,B0C1MAT002,"AERai Yoga Mat - Blue",3,89.97,USD
113-5355235-4398871,2026-09-12T14:08:26+00:00,Shipped,AER-BLK-2PK,B0C1BLK010,"AERai Yoga Block 2-Pack",3,52.47,USD
113-5355235-4398871,2026-09-12T14:08:26+00:00,Shipped,AER-MAT-BLK,B0C1MAT001,"AERai Yoga Mat - Black",1,29.99,USD
113-8186330-2226762,2026-09-12T06:42:19+00:00,Shipped,AER-BLK-2PK,B0C1BLK010,"AERai Yoga Block 2-Pack",1,17.49,USD
113-5246444-3302750,2026-09-12T14:14:47+00:00,Cancelled,AER-STRAP,B0C1STR020,"AERai Stretch Strap",3,29.97,USD
113-5246444-3302750,2026-09-12T14:14:47+00:00,Cancelled,AER-MAT-BLU,B0C1MAT002,"AERai Yoga Mat - Blue",1,29.99,USD
113-3708950-8239734,2026-09-12T16:25:21+00:00,Shipped,AER-BLK-2PK,B0C1BLK010,"AERai Yoga Block 2-Pack",3,52.47,USD
113-3708950-8239734,2026-09-12T16:25:21+00:00,Shipped,AER-MAT-BLK,B0C1MAT001,"AERai Yoga Mat - Black",2,59.98,USD
113-1326869-6670358,2026-09-12T17:29:28+00:00,Shipped,AER-BLK-2PK,B0C1BLK010,"AERai Yoga Block 2-Pack",3,52.47,USD
113-1326869-6670358,2026-09-12T17:29:28+00:00,Shipped,AER-TOWEL,B0C1TWL030,"AERai Grip Towel",1,21.00,USD
113-4834497-2757909,2026-09-13T02:16:17+00:00,Shipped,AER-BLK-2PK,B0C1BLK010,"AERai Yoga Block 2-Pack",1,17.49,USD
113-8084249-5338739,2026-09-13T12:09:34+00:00,Pending,AER-BLK-2PK,B0C1BLK010,"AERai Yoga Block 2-Pack",2,34.98,USD
113-8084249-5338739,2026-09-13T12:09:34+00:00,Pending,AER-MAT-BLK,B0C1MAT001,"AERai Yoga Mat - Black",1,29.99,USD
113-8135635-2214906,2026-09-14T08:01:40+00:00,Shipped,AER-MAT-BLK,B0C1MAT001,"AERai Yoga Mat - Black",1,29.99,USD
113-8135635-2214906,2026-09-14T08:01:40+00:00,Shipped,AER-MAT-BLU,B0C1MAT002,"AERai Yoga Mat - Blue",2,59.98,USD
113-3041410-8613056,2026-09-14T00:21:35+00:00,Shipped,AER-TOWEL,B0C1TWL030,"AERai Grip Towel",1,21.00,USD
113-3041410-8613056,2026-09-14T00:21:35+00:00,Shipped,AER-MAT-BLU,B0C1MAT002,"AERai Yoga Mat - Blue",3,89.97,USD
113-5000295-2836290,2026-09-14T05:16:03+00:00,Shipped,AER-BLK-2PK,B0C1BLK010,"AERai Yoga Block 2-Pack",2,34.98,USD
113-5000295-2836290,2026-09-14T05:16:03+00:00,Shipped,AER-MAT-BLU,B0C1MAT002,"AERai Yoga Mat - Blue",2,59.98,USD
113-3984664-5538612,2026-09-15T11:51:01+00:00,Cancelled,AER-MAT-BLK,B0C1MAT001,"AERai Yoga Mat - Black",1,29.99,USD
113-9483466-4178552,2026-09-15T16:30:15+00:00,Pending,AER-STRAP,B0C1STR020,"AERai Stretch Strap",3,29.97,USD
113-9304748-7594889,2026-09-15T16:19:44+00:00,Shipped,AER-BLK-2PK,B0C1BLK010,"AERai Yoga Block 2-Pack",1,17.49,USD
113-3344092-7789700,2026-09-15T11:03:53+00:00,Shipped,AER-BLK-2PK,B0C1BLK010,"AERai Yoga Block 2-Pack",2,34.98,USD
113-3738822-1929476,2026-09-15T02:42:53+00:00,Shipped,AER-TOWEL,B0C1TWL030,"AERai Grip Towel",3,63.00,USD
113-3738822-1929476,2026-09-15T02:42:53+00:00,Shipped,AER-MAT-BLU,B0C1MAT002,"AERai Yoga Mat - Blue",2,59.98,USD
113-1758959-8708341,2026-09-15T05:10:17+00:00,Shipped,AER-BLK-2PK,B0C1BLK010,"AERai Yoga Block 2-Pack",3,52.47,USD
113-1758959-8708341,2026-09-15T05:10:17+00:00,Shipped,AER-TOWEL,B0C1TWL030,"AERai Grip Towel",2,42.00,USD
113-1577920-6193352,2026-09-16T06:22:11+00:00,Shipped,AER-MAT-BLK,B0C1MAT001,"AERai Yoga Mat - Black",2,59.98,USD
113-1577920-6193352,2026-09-16T06:22:11+00:00,Shipped,AER-STRAP,B0C1STR020,"AERai Stretch Strap",3,29.97,USD
113-4371885-5163759,2026-09-16T16:49:00+00:00,Shipped,AER-MAT-BLU,B0C1MAT002,"AERai Yoga Mat - Blue",2,59.98,USD
113-1699055-7609864,2026-09-16T00:19:19+00:00,Shipped,AER-TOWEL,B0C1TWL030,"AERai Grip Towel",3,63.00,USD
113-7535001-6471633,2026-09-17T23:31:09+00:00,Shipped,AER-MAT-BLK,B0C1MAT001,"AERai Yoga Mat - Black",3,89.97,USD
113-9606396-8201531,2026-09-17T23:44:51+00:00,Shipped,AER-TOWEL,B0C1TWL030,"AERai Grip Towel",3,63.00,USD
113-4857765-2427601,2026-09-17T00:02:08+00:00,Shipped,AER-STRAP,B0C1STR020,"AERai Stretch Strap",2,19.98,USD
113-1851952-1316094,2026-09-18T20:34:43+00:00,Shipped,AER-MAT-BLK,B0C1MAT001,"AERai Yoga Mat - Black",1,29.99,USD
113-1851952-1316094,2026-09-18T20:34:43+00:00,Shipped,AER-STRAP,B0C1STR020,"AERai Stretch Strap",3,29.97,USD
113-9438453-9979162,2026-09-18T02:42:33+00:00,Shipped,AER-BLK-2PK,B0C1BLK010,"AERai Yoga Block 2-Pack",2,34.98,USD
113-9438453-9979162,2026-09-18T02:42:33+00:00,Shipped,AER-MAT-BLK,B0C1MAT001,"AERai Yoga Mat - Black",1,29.99,USD
113-4442978-4871109,2026-09-18T23:41:29+00:00,Shipped,AER-MAT-BLK,B0C1MAT001,"AERai Yoga Mat - Black",3,89.97,USD
113-4442978-4871109,2026-09-18T23:41:29+00:00,Shipped,AER-STRAP,B0C1STR020,"AERai Stretch Strap",2,19.98,USD
113-1784292-4326756,2026-09-18T02:38:09+00:00,Shipped,AER-TOWEL,B0C1TWL030,"AERai Grip Towel",1,21.00,USD
113-1784292-4326756,2026-09-18T02:38:09+00:00,Shipped,AER-MAT-BLU,B0C1MAT002,"AERai Yoga Mat - Blue",2,59.98,USD
113-2017722-9150338,2026-09-18T08:43:06+00:00,Shipped,AER-BLK-2PK,B0C1BLK010,"AERai Yoga Block 2-Pack",2,34.98,USD
113-2017722-9150338,2026-09-18T08:43:06+00:00,Shipped,AER-TOWEL,B0C1TWL030,"AERai Grip Towel",2,42.00,USD
113-8823872-2988148,2026-09-18T17:12:19+00:00,Cancelled,AER-MAT-BLK,B0C1MAT001,"AERai Yoga Mat - Black",2,59.98,USD
113-8823872-2988148,2026-09-18T17:12:19+00:00,Cancelled,AER-BLK-2PK,B0C1BLK010,"AERai Yoga Block 2-Pack",1,17.49,USD
113-8540535-5507320,2026-09-19T12:13:58+00:00,Pending,AER-MAT-BLK,B0C1MAT001,"AERai Yoga Mat - Black",3,89.97,USD
113-2515034-3378013,2026-09-19T23:33:16+00:00,Cancelled,AER-TOWEL,B0C1TWL030,"AERai Grip Towel",3,63.00,USD
113-9535313-5690370,2026-09-19T03:45:23+00:00,Shipped,AER-STRAP,B0C1STR020,"AERai Stretch Strap",1,9.99,USD
113-9535313-5690370,2026-09-19T03:45:23+00:00,Shipped,AER-MAT-BLK,B0C1MAT001,"AERai Yoga Mat - Black",1,29.99,USD
113-9249291-8562502,2026-09-19T12:19:46+00:00,Shipped,AER-STRAP,B0C1STR020,"AERai Stretch Strap",1,9.99,USD
113-9249291-8562502,2026-09-19T12:19:46+00:00,Shipped,AER-BLK-2PK,B0C1BLK010,"AERai Yoga Block 2-Pack",2,34.98,USD
113-1029215-6445004,2026-09-19T10:53:25+00:00,Shipped,AER-MAT-BLK,B0C1MAT001,"AERai Yoga Mat - Black",3,89.97,USD
113-5862590-5248196,2026-09-19T11:04:25+00:00,Shipped,AER-BLK-2PK,B0C1BLK010,"AERai Yoga Block 2-Pack",2,34.98,USD
113-1809804-5708319,2026-09-20T03:03:53+00:00,Shipped,AER-MAT-BLU,B0C1MAT002,"AERai Yoga Mat - Blue",2,59.98,USD
113-8318905-9572536,2026-09-20T10:12:49+00:00,Shipped,AER-MAT-BLK,B0C1MAT001,"AERai Yoga Mat - Black",3,89.97,USD
113-8318905-9572536,2026-09-20T10:12:49+00:00,Shipped,AER-STRAP,B0C1STR020,"AERai Stretch Strap",3,29.97,USD
113-4413086-2351856,2026-09-20T01:59:46+00:00,Shipped,AER-BLK-2PK,B0C1BLK010,"AERai Yoga Block 2-Pack",2,34.98,USD
113-1821696-3135929,2026-09-20T05:30:26+00:00,Shipped,AER-BLK-2PK,B0C1BLK010,"AERai Yoga Block 2-Pack",2,34.98,USD
113-1821696-3135929,2026-09-20T05:30:26+00:00,Shipped,AER-TOWEL,B0C1TWL030,"AERai Grip Towel",3,63.00,USD
113-6047195-9106449,2026-09-21T17:42:25+00:00,Shipped,AER-MAT-BLK,B0C1MAT001,"AERai Yoga Mat - Black",1,29.99,USD
113-9398754-9339547,2026-09-21T17:14:28+00:00,Pending,AER-STRAP,B0C1STR020,"AERai Stretch Strap",3,29.97,USD
113-9398754-9339547,2026-09-21T17:14:28+00:00,Pending,AER-MAT-BLU,B0C1MAT002,"AERai Yoga Mat - Blue",1,29.99,USD
113-5095077-2521936,2026-09-21T05:21:35+00:00,Shipped,AER-BLK-2PK,B0C1BLK010,"AERai Yoga Block 2-Pack",2,34.98,USD
113-4391377-1336915,2026-09-22T23:55:26+00:00,Shipped,AER-STRAP,B0C1STR020,"AERai Stretch Strap",2,19.98,USD
113-6674106-2041185,2026-09-22T15:17:36+00:00,Cancelled,AER-TOWEL,B0C1TWL030,"AERai Grip Towel",3,63.00,USD
113-4623260-2553539,2026-09-22T08:57:15+00:00,Shipped,AER-STRAP,B0C1STR020,"AERai Stretch Strap",1,9.99,USD
113-4623260-2553539,2026-09-22T08:57:15+00:00,Shipped,AER-BLK-2PK,B0C1BLK010,"AERai Yoga Block 2-Pack",1,17.49,USD
113-1540956-8133670,2026-09-22T22:48:57+00:00,Shipped,AER-MAT-BLK,B0C1MAT001,"AERai Yoga Mat - Black",2,59.98,USD
113-1540956-8133670,2026-09-22T22:48:57+00:00,Shipped,AER-TOWEL,B0C1TWL030,"AERai Grip Towel",3,63.00,USD
113-8854277-8532138,2026-09-22T07:50:06+00:00,Shipped,AER-TOWEL,B0C1TWL030,"AERai Grip Towel",3,63.00,USD
113-2826877-8672641,2026-09-22T02:35:49+00:00,Shipped,AER-MAT-BLU,B0C1MAT002,"AERai Yoga Mat - Blue",3,89.97,USD
113-6096620-3146927,2026-09-23T20:16:33+00:00,Shipped,AER-MAT-BLK,B0C1MAT001,"AERai Yoga Mat - Black",1,29.99,USD
113-6039024-9798587,2026-09-23T18:12:24+00:00,Shipped,AER-MAT-BLK,B0C1MAT001,"AERai Yoga Mat - Black",3,89.97,USD
113-8729106-5674193,2026-09-24T10:41:53+00:00,Pending,AER-TOWEL,B0C1TWL030,"AERai Grip Towel",3,63.00,USD
113-8729106-5674193,2026-09-24T10:41:53+00:00,Pending,AER-MAT-BLU,B0C1MAT002,"AERai Yoga Mat - Blue",1,29.99,USD
113-1491251-7909027,2026-09-24T22:41:19+00:00,Shipped,AER-STRAP,B0C1STR020,"AERai Stretch Strap",3,29.97,USD
113-8046697-2360499,2026-09-24T08:14:42+00:00,Shipped,AER-MAT-BLU,B0C1MAT002,"AERai Yoga Mat - Blue",1,29.99,USD
113-8046697-2360499,2026-09-24T08:14:42+00:00,Shipped,AER-STRAP,B0C1STR020,"AERai Stretch Strap",3,29.97,USD
113-6671564-8055773,2026-09-24T11:43:25+00:00,Shipped,AER-TOWEL,B0C1TWL030,"AERai Grip Towel",1,21.00,USD
113-6671564-8055773,2026-09-24T11:43:25+00:00,Shipped,AER-MAT-BLK,B0C1MAT001,"AERai Yoga Mat - Black",2,59.98,USD
113-6229722-4253660,2026-09-25T07:29:14+00:00,Shipped,AER-MAT-BLK,B0C1MAT001,"AERai Yoga Mat - Black",3,89.97,USD
113-6229722-4253660,2026-09-25T07:29:14+00:00,Shipped,AER-STRAP,B0C1STR020,"AERai Stretch Strap",1,9.99,USD
113-4746757-9137834,2026-09-25T13:58:42+00:00,Shipped,AER-STRAP,B0C1STR020,"AERai Stretch Strap",1,9.99,USD
113-4572692-1396424,2026-09-25T19:09:26+00:00,Shipped,AER-MAT-BLU,B0C1MAT002,"AERai Yoga Mat - Blue",2,59.98,USD
113-6271400-2899274,2026-09-26T02:59:10+00:00,Shipped,AER-TOWEL,B0C1TWL030,"AERai Grip Towel",3,63.00,USD
113-8845291-1535087,2026-09-26T09:42:46+00:00,Shipped,AER-BLK-2PK,B0C1BLK010,"AERai Yoga Block 2-Pack",1,17.49,USD
113-8845291-1535087,2026-09-26T09:42:46+00:00,Shipped,AER-STRAP,B0C1STR020,"AERai Stretch Strap",1,9.99,USD
113-1048162-2312683,2026-09-26T08:05:22+00:00,Shipped,AER-TOWEL,B0C1TWL030,"AERai Grip Towel",1,21.00,USD
113-7377517-6983245,2026-09-26T09:52:51+00:00,Shipped,AER-STRAP,B0C1STR020,"AERai Stretch Strap",1,9.99,USD
113-7253109-8488468,2026-09-26T06:20:23+00:00,Shipped,AER-MAT-BLK,B0C1MAT001,"AERai Yoga Mat - Black",1,29.99,USD
113-7253109-8488468,2026-09-26T06:20:23+00:00,Shipped,AER-STRAP,B0C1STR020,"AERai Stretch Strap",3,29.97,USD
113-1681985-7300979,2026-09-27T01:29:04+00:00,Shipped,AER-BLK-2PK,B0C1BLK010,"AERai Yoga Block 2-Pack",1,17.49,USD
113-2054477-6688642,2026-09-27T11:17:21+00:00,Cancelled,AER-BLK-2PK,B0C1BLK010,"AERai Yoga Block 2-Pack",3,52.47,USD
113-6309714-5624309,2026-09-27T09:00:46+00:00,Shipped,AER-MAT-BLK,B0C1MAT001,"AERai Yoga Mat - Black",1,29.99,USD
113-2799547-8972349,2026-09-27T22:29:49+00:00,Shipped,AER-STRAP,B0C1STR020,"AERai Stretch Strap",1,9.99,USD
113-2799547-8972349,2026-09-27T22:29:49+00:00,Shipped,AER-TOWEL,B0C1TWL030,"AERai Grip Towel",2,42.00,USD
113-4069211-1146048,2026-09-27T23:19:52+00:00,Shipped,AER-TOWEL,B0C1TWL030,"AERai Grip Towel",1,21.00,USD
113-6361138-8730625,2026-09-28T11:50:50+00:00,Shipped,AER-STRAP,B0C1STR020,"AERai Stretch Strap",1,9.99,USD
113-5149131-7841023,2026-09-28T02:41:02+00:00,Shipped,AER-MAT-BLU,B0C1MAT002,"AERai Yoga Mat - Blue",1,29.99,USD
113-5149131-7841023,2026-09-28T02:41:02+00:00,Shipped,AER-STRAP,B0C1STR020,"AERai Stretch Strap",1,9.99,USD
113-5444138-2410671,2026-09-28T06:06:26+00:00,Shipped,AER-MAT-BLU,B0C1MAT002,"AERai Yoga Mat - Blue",1,29.99,USD
113-5444138-2410671,2026-09-28T06:06:26+00:00,Shipped,AER-TOWEL,B0C1TWL030,"AERai Grip Towel",2,42.00,USD
113-8733017-4941526,2026-09-28T23:34:54+00:00,Shipped,AER-BLK-2PK,B0C1BLK010,"AERai Yoga Block 2-Pack",2,34.98,USD
113-5490688-7257415,2026-09-29T08:47:16+00:00,Shipped,AER-MAT-BLU,B0C1MAT002,"AERai Yoga Mat - Blue",1,29.99,USD
113-4951101-3572319,2026-09-29T09:56:58+00:00,Shipped,AER-MAT-BLK,B0C1MAT001,"AERai Yoga Mat - Black",2,59.98,USD
113-4951101-3572319,2026-09-29T09:56:58+00:00,Shipped,AER-STRAP,B0C1STR020,"AERai Stretch Strap",1,9.99,USD
113-9511492-9829995,2026-09-29T07:41:51+00:00,Shipped,AER-MAT-BLK,B0C1MAT001,"AERai Yoga Mat - Black",1,29.99,USD
113-9511492-9829995,2026-09-29T07:41:51+00:00,Shipped,AER-TOWEL,B0C1TWL030,"AERai Grip Towel",2,42.00,USD
113-4877442-8521178,2026-09-29T11:02:56+00:00,Shipped,AER-MAT-BLK,B0C1MAT001,"AERai Yoga Mat - Black",1,29.99,USD
113-4257491-2260247,2026-09-30T11:32:55+00:00,Shipped,AER-MAT-BLK,B0C1MAT001,"AERai Yoga Mat - Black",3,89.97,USD
113-4257491-2260247,2026-09-30T11:32:55+00:00,Shipped,AER-TOWEL,B0C1TWL030,"AERai Grip Towel",3,63.00,USD
113-6866986-4651484,2026-09-30T01:23:21+00:00,Shipped,AER-BLK-2PK,B0C1BLK010,"AERai Yoga Block 2-Pack",1,17.49,USD
113-4413186-1190921,2026-09-30T10:26:43+00:00,Shipped,AER-MAT-BLK,B0C1MAT001,"AERai Yoga Mat - Black",1,29.99,USD
113-4413186-1190921,2026-09-30T10:26:43+00:00,Shipped,AER-MAT-BLU,B0C1MAT002,"AERai Yoga Mat - Blue",2,59.98,USD
113-9111901-2061512,2026-09-30T13:06:50+00:00,Shipped,AER-TOWEL,B0C1TWL030,"AERai Grip Towel",1,21.00,USD
113-3746251-7673508,2026-09-30T22:17:26+00:00,Cancelled,AER-STRAP,B0C1STR020,"AERai Stretch Strap",2,19.98,USD
113-3746251-7673508,2026-09-30T22:17:26+00:00,Cancelled,AER-MAT-BLK,B0C1MAT001,"AERai Yoga Mat - Black",3,89.97,USD
113-6992514-7947110,2026-09-30T13:01:55+00:00,Shipped,AER-MAT-BLU,B0C1MAT002,"AERai Yoga Mat - Blue",3,89.97,USD
113-6992514-7947110,2026-09-30T13:01:55+00:00,Shipped,AER-STRAP,B0C1STR020,"AERai Stretch Strap",2,19.98,USD
113-1098592-8284067,2026-10-01T05:27:07+00:00,Shipped,AER-TOWEL,B0C1TWL030,"AERai Grip Towel",2,42.00,USD
113-1098592-8284067,2026-10-01T05:27:07+00:00,Shipped,AER-BLK-2PK,B0C1BLK010,"AERai Yoga Block 2-Pack",1,17.49,USD
113-3180620-1248879,2026-10-01T01:35:09+00:00,Shipped,AER-MAT-BLK,B0C1MAT001,"AERai Yoga Mat - Black",3,89.97,USD
113-3180620-1248879,2026-10-01T01:35:09+00:00,Shipped,AER-BLK-2PK,B0C1BLK010,"AERai Yoga Block 2-Pack",3,52.47,USD
113-3880407-3447574,2026-10-01T11:18:10+00:00,Shipped,AER-MAT-BLK,B0C1MAT001,"AERai Yoga Mat - Black",2,59.98,USD
113-4310844-6060264,2026-10-02T04:53:02+00:00,Cancelled,AER-BLK-2PK,B0C1BLK010,"AERai Yoga Block 2-Pack",3,52.47,USD
113-4310844-6060264,2026-10-02T04:53:02+00:00,Cancelled,AER-MAT-BLK,B0C1MAT001,"AERai Yoga Mat - Black",3,89.97,USD
113-7507801-2447780,2026-10-02T22:39:44+00:00,Shipped,AER-MAT-BLU,B0C1MAT002,"AERai Yoga Mat - Blue",3,89.97,USD
113-7786124-4290229,2026-10-02T15:11:36+00:00,Shipped,AER-TOWEL,B0C1TWL030,"AERai Grip Towel",2,42.00,USD
113-7786124-4290229,2026-10-02T15:11:36+00:00,Shipped,AER-MAT-BLU,B0C1MAT002,"AERai Yoga Mat - Blue",2,59.98,USD
113-3064548-3507642,2026-10-02T07:46:52+00:00,Pending,AER-TOWEL,B0C1TWL030,"AERai Grip Towel",3,63.00,USD
113-1639693-6439220,2026-10-02T03:24:38+00:00,Shipped,AER-STRAP,B0C1STR020,"AERai Stretch Strap",3,29.97,USD
113-1639693-6439220,2026-10-02T03:24:38+00:00,Shipped,AER-BLK-2PK,B0C1BLK010,"AERai Yoga Block 2-Pack",1,17.49,USD
113-0000000-BAD0001,not-a-date,Shipped,AER-STRAP,B0C1STR020,"AERai Stretch Strap",1,9.99,USD
113-0000000-BAD0002,2026-10-01T10:00:00Z,Shipped,AER-STRAP,B0C1STR020,"AERai Stretch Strap",two,9.99,USD
